{
  "PHR": {
    "mean": 4.5620188463210605,
    "std": 1.9850045567110852
  },
  "Uric_acid": {
    "mean": 4.7345273587659875,
    "std": 1.1790497278826535
  },
  "MCV": {
    "mean": 91.20628569750147,
    "std": 7.153944576919078
  },
  "Age": {
    "mean": 69.1632801161103,
    "std": 6.868837641111701
  },
  "AIP": {
    "mean": 0.38314010637533946,
    "std": 0.277535170049109
  }
}